component,region,currency,rate,unit,catalog_unit,begin_range,end_range,sku,rate_code,effective_date,offer_publication_date,retrieved_at_utc,source_url,versioned_source_url,source_description,notes
EC2 m6i.large Linux shared On-Demand,us-east-1,USD,0.0960000000,instance-hour,Hrs,0,Inf,B8JJ44GS8MG4RPR4,B8JJ44GS8MG4RPR4.JRTCKXETXF.6YS6EN2CT7,2026-09-01T00:00:00Z,2026-09-25T17:45:21Z,2026-09-30T13:57:04.411706+00:00,https://pricing.us-east-1.amazonaws.com/offers/v1.0/aws/AmazonEC2/current/us-east-1/index.json,https://pricing.us-east-1.amazonaws.com/offers/v1.0/aws/AmazonEC2/20260925174521/us-east-1/index.json,$0.096 per On Demand Linux m6i.large Instance Hour,2 vCPU; 8 GiB RAM; preInstalledSw=NA; capacitystatus=Used; RunInstances
EC2 m6i.xlarge Windows shared On-Demand,us-east-1,USD,0.3760000000,instance-hour,Hrs,0,Inf,QV83RDMFWDU5WFFX,QV83RDMFWDU5WFFX.JRTCKXETXF.6YS6EN2CT7,2026-09-01T00:00:00Z,2026-09-25T17:45:21Z,2026-09-30T13:57:04.411706+00:00,https://pricing.us-east-1.amazonaws.com/offers/v1.0/aws/AmazonEC2/current/us-east-1/index.json,https://pricing.us-east-1.amazonaws.com/offers/v1.0/aws/AmazonEC2/20260925174521/us-east-1/index.json,$0.376 per On Demand Windows m6i.xlarge Instance Hour,4 vCPU; 16 GiB RAM; preInstalledSw=NA; capacitystatus=Used; RunInstances:0002; not Windows BYOL or infrastructure-only
EBS gp3 provisioned storage,us-east-1,USD,0.0800000000,GB-month,GB-Mo,0,Inf,JG3KUJMBRGHV3N8G,JG3KUJMBRGHV3N8G.JRTCKXETXF.6YS6EN2CT7,2026-09-01T00:00:00Z,2026-09-25T17:45:21Z,2026-09-30T13:57:04.411706+00:00,https://pricing.us-east-1.amazonaws.com/offers/v1.0/aws/AmazonEC2/current/us-east-1/index.json,https://pricing.us-east-1.amazonaws.com/offers/v1.0/aws/AmazonEC2/20260925174521/us-east-1/index.json,$0.08 per GB-month of General Purpose (gp3) provisioned storage - US East (N. Virginia),Storage retained while instance is stopped is still billable; baseline IOPS/throughput included
NAT gateway provisioned time,us-east-1,USD,0.0450000000,gateway-hour,Hrs,0,Inf,M2YSHUBETB3JX4M4,M2YSHUBETB3JX4M4.JRTCKXETXF.6YS6EN2CT7,2026-09-01T00:00:00Z,2026-09-25T17:45:21Z,2026-09-30T13:57:04.411706+00:00,https://pricing.us-east-1.amazonaws.com/offers/v1.0/aws/AmazonEC2/current/us-east-1/index.json,https://pricing.us-east-1.amazonaws.com/offers/v1.0/aws/AmazonEC2/20260925174521/us-east-1/index.json,$0.045 per NAT Gateway Hour,Standard NAT Gateway-Hours; count gateways or AZs separately as applicable
NAT gateway processed data,us-east-1,USD,0.0450000000,GB,GB,0,Inf,59S5R83GFPUAGVR5,59S5R83GFPUAGVR5.JRTCKXETXF.6YS6EN2CT7,2026-09-01T00:00:00Z,2026-09-25T17:45:21Z,2026-09-30T13:57:04.411706+00:00,https://pricing.us-east-1.amazonaws.com/offers/v1.0/aws/AmazonEC2/current/us-east-1/index.json,https://pricing.us-east-1.amazonaws.com/offers/v1.0/aws/AmazonEC2/20260925174521/us-east-1/index.json,$0.045 per GB Data Processed by NAT Gateways,Processing is additional to applicable data transfer charges
Application Load Balancer provisioned time,us-east-1,USD,0.0225000000,ALB-hour,Hrs,0,Inf,37CUWUT8GSNQEPUV,37CUWUT8GSNQEPUV.JRTCKXETXF.6YS6EN2CT7,2026-08-01T00:00:00Z,2026-09-11T12:45:44Z,2026-09-30T13:55:55.914264+00:00,https://pricing.us-east-1.amazonaws.com/offers/v1.0/aws/AWSELB/current/us-east-1/index.json,https://pricing.us-east-1.amazonaws.com/offers/v1.0/aws/AWSELB/20260911124544/us-east-1/index.json,$0.0225 per Application LoadBalancer-hour (or partial hour),"Partial hour billable; regional ALB, not Outposts"
Application Load Balancer used capacity,us-east-1,USD,0.0080000000,LCU-hour,LCU-Hrs,0,Inf,P2XGEJ8N3KU52WA8,P2XGEJ8N3KU52WA8.JRTCKXETXF.6YS6EN2CT7,2026-08-01T00:00:00Z,2026-09-11T12:45:44Z,2026-09-30T13:55:55.914264+00:00,https://pricing.us-east-1.amazonaws.com/offers/v1.0/aws/AWSELB/current/us-east-1/index.json,https://pricing.us-east-1.amazonaws.com/offers/v1.0/aws/AWSELB/20260911124544/us-east-1/index.json,$0.008 per used Application load balancer capacity unit-hour (or partial hour),"LCUs based on highest of four usage dimensions, not sum"
Fargate Linux x86 CPU,us-east-1,USD,0.0404800000,vCPU-hour,hours,0,Inf,8CESGAFWKAJ98PME,8CESGAFWKAJ98PME.JRTCKXETXF.6YS6EN2CT7,2026-07-01T00:00:00Z,2026-09-11T12:44:25Z,2026-09-30T13:55:56.063421+00:00,https://pricing.us-east-1.amazonaws.com/offers/v1.0/aws/AmazonECS/current/us-east-1/index.json,https://pricing.us-east-1.amazonaws.com/offers/v1.0/aws/AmazonECS/20260911124425/us-east-1/index.json,AWS Fargate - vCPU - US East (N.Virginia),Catalog unit hours; product cputype=perCPU; per-second billing with 1-minute minimum
Fargate Linux x86 memory,us-east-1,USD,0.0044450000,GB-hour,hours,0,Inf,PBZNQUSEXZUC34C9,PBZNQUSEXZUC34C9.JRTCKXETXF.6YS6EN2CT7,2026-07-01T00:00:00Z,2026-09-11T12:44:25Z,2026-09-30T13:55:56.063421+00:00,https://pricing.us-east-1.amazonaws.com/offers/v1.0/aws/AmazonECS/current/us-east-1/index.json,https://pricing.us-east-1.amazonaws.com/offers/v1.0/aws/AmazonECS/20260911124425/us-east-1/index.json,AWS Fargate - Memory  - US East (N.Virginia),"Catalog unit hours; product memorytype=perGB; allocation billed, not observed memory usage"
Internet outbound standard regional tiers,us-east-1,USD,0.0900000000,GB,GB,0,10240,HQEH3ZWJVT46JHRG,HQEH3ZWJVT46JHRG.JRTCKXETXF.Q3Z75P77EN,2026-06-01T00:00:00Z,2026-09-16T13:22:08Z,2026-09-30T13:55:55.960779+00:00,https://pricing.us-east-1.amazonaws.com/offers/v1.0/aws/AWSDataTransfer/current/us-east-1/index.json,https://pricing.us-east-1.amazonaws.com/offers/v1.0/aws/AWSDataTransfer/20260916132208/us-east-1/index.json,$0.090 per GB - first 10 TB / month data transfer out beyond the global free tier,Tier ranges are catalog GB per month beyond globally shared free tier
Internet outbound standard regional tiers,us-east-1,USD,0.0850000000,GB,GB,10240,51200,HQEH3ZWJVT46JHRG,HQEH3ZWJVT46JHRG.JRTCKXETXF.VF6T3GAUKQ,2026-06-01T00:00:00Z,2026-09-16T13:22:08Z,2026-09-30T13:55:55.960779+00:00,https://pricing.us-east-1.amazonaws.com/offers/v1.0/aws/AWSDataTransfer/current/us-east-1/index.json,https://pricing.us-east-1.amazonaws.com/offers/v1.0/aws/AWSDataTransfer/20260916132208/us-east-1/index.json,$0.085 per GB - next 40 TB / month data transfer out,Tier ranges are catalog GB per month beyond globally shared free tier
Internet outbound standard regional tiers,us-east-1,USD,0.0700000000,GB,GB,51200,153600,HQEH3ZWJVT46JHRG,HQEH3ZWJVT46JHRG.JRTCKXETXF.N9EW5UVVPA,2026-06-01T00:00:00Z,2026-09-16T13:22:08Z,2026-09-30T13:55:55.960779+00:00,https://pricing.us-east-1.amazonaws.com/offers/v1.0/aws/AWSDataTransfer/current/us-east-1/index.json,https://pricing.us-east-1.amazonaws.com/offers/v1.0/aws/AWSDataTransfer/20260916132208/us-east-1/index.json,$0.070 per GB - next 100 TB / month data transfer out,Tier ranges are catalog GB per month beyond globally shared free tier
Internet outbound standard regional tiers,us-east-1,USD,0.0500000000,GB,GB,153600,Inf,HQEH3ZWJVT46JHRG,HQEH3ZWJVT46JHRG.JRTCKXETXF.GPHXDESFBB,2026-06-01T00:00:00Z,2026-09-16T13:22:08Z,2026-09-30T13:55:55.960779+00:00,https://pricing.us-east-1.amazonaws.com/offers/v1.0/aws/AWSDataTransfer/current/us-east-1/index.json,https://pricing.us-east-1.amazonaws.com/offers/v1.0/aws/AWSDataTransfer/20260916132208/us-east-1/index.json,$0.050 per GB - greater than 150 TB / month data transfer out,Tier ranges are catalog GB per month beyond globally shared free tier
Internet outbound global free tier,global,USD,0.0000000000,GB,GB,0,100,PB257JUQ8U6E6UPM,PB257JUQ8U6E6UPM.A429C66SYZ.ETY2894C67,2026-06-01T00:00:00Z,2026-09-16T13:22:08Z,2026-09-30T13:55:55.960779+00:00,https://pricing.us-east-1.amazonaws.com/offers/v1.0/aws/AWSDataTransfer/current/us-east-1/index.json,https://pricing.us-east-1.amazonaws.com/offers/v1.0/aws/AWSDataTransfer/20260916132208/us-east-1/index.json,"$0 for 100GB of data transfer out to the internet, aggregated globally, each month",100 GB each month aggregated across AWS services/regions except China and GovCloud; do not allocate 100 GB per computer
Public IPv4 in-use address,us-east-1,USD,0.0050000000,address-hour,Hrs,0,Inf,4GQUNXTFWVSGPUZK,4GQUNXTFWVSGPUZK.JRTCKXETXF.6YS6EN2CT7,2026-09-01T00:00:00Z,2026-09-17T19:05:28Z,2026-09-30T13:57:43.030184+00:00,https://pricing.us-east-1.amazonaws.com/offers/v1.0/aws/AmazonVPC/current/us-east-1/index.json,https://pricing.us-east-1.amazonaws.com/offers/v1.0/aws/AmazonVPC/20260917190528/us-east-1/index.json,$0.005 per In-use public IPv4 address per hour,Additional to NAT/ALB charges for consumed public IPv4 addresses
Public IPv4 idle address,us-east-1,USD,0.0050000000,address-hour,Hrs,0,Inf,T6YDQKTMVWKNJFJ8,T6YDQKTMVWKNJFJ8.JRTCKXETXF.6YS6EN2CT7,2026-09-01T00:00:00Z,2026-09-17T19:05:28Z,2026-09-30T13:57:43.030184+00:00,https://pricing.us-east-1.amazonaws.com/offers/v1.0/aws/AmazonVPC/current/us-east-1/index.json,https://pricing.us-east-1.amazonaws.com/offers/v1.0/aws/AmazonVPC/20260917190528/us-east-1/index.json,$0.005 per Idle public IPv4 address per hour,Unassigned retained addresses also billable
Fargate extra ephemeral storage,us-east-1,USD,0.0001110000,GB-hour,GB-Hours,0,Inf,7KPDPTDSCT4J3Z64,7KPDPTDSCT4J3Z64.JRTCKXETXF.6YS6EN2CT7,2026-07-01T00:00:00Z,2026-09-11T12:44:25Z,2026-09-30T13:55:56.063421+00:00,https://pricing.us-east-1.amazonaws.com/offers/v1.0/aws/AmazonECS/current/us-east-1/index.json,https://pricing.us-east-1.amazonaws.com/offers/v1.0/aws/AmazonECS/20260911124425/us-east-1/index.json,AWS Fargate - Ephemeral Storage - US East (N. Virginia),20 GB included; applies to additional requested ephemeral storage
EBS standard snapshot storage,us-east-1,USD,0.0500000000,GB-month,GB-Mo,0,Inf,7U7TWP44UP36AT3R,7U7TWP44UP36AT3R.JRTCKXETXF.6YS6EN2CT7,2026-09-01T00:00:00Z,2026-09-25T17:45:21Z,2026-09-30T13:57:04.411706+00:00,https://pricing.us-east-1.amazonaws.com/offers/v1.0/aws/AmazonEC2/current/us-east-1/index.json,https://pricing.us-east-1.amazonaws.com/offers/v1.0/aws/AmazonEC2/20260925174521/us-east-1/index.json,$0.05 per GB-Month of snapshot data stored - US East (Northern Virginia),Snapshot storage billed separately; chargeable snapshot data differs from provisioned volume size
EBS gp3 additional IOPS,us-east-1,USD,0.0050000000,IOPS-month,IOPS-Mo,0,Inf,7Q58NR58VQEASA4W,7Q58NR58VQEASA4W.JRTCKXETXF.6YS6EN2CT7,2026-09-01T00:00:00Z,2026-09-25T17:45:21Z,2026-09-30T13:57:04.411706+00:00,https://pricing.us-east-1.amazonaws.com/offers/v1.0/aws/AmazonEC2/current/us-east-1/index.json,https://pricing.us-east-1.amazonaws.com/offers/v1.0/aws/AmazonEC2/20260925174521/us-east-1/index.json,$0.005 per provisioned IOPS-month of gp3 - US East (N. Virginia),Applies above included 3000 IOPS
EBS gp3 additional throughput,us-east-1,USD,40.9600000000,GiBps-month,GiBps-mo,0,Inf,SQUFRQX4K92S4SBB,SQUFRQX4K92S4SBB.JRTCKXETXF.6YS6EN2CT7,2026-09-01T00:00:00Z,2026-09-25T17:45:21Z,2026-09-30T13:57:04.411706+00:00,https://pricing.us-east-1.amazonaws.com/offers/v1.0/aws/AmazonEC2/current/us-east-1/index.json,https://pricing.us-east-1.amazonaws.com/offers/v1.0/aws/AmazonEC2/20260925174521/us-east-1/index.json,$0.04 per provisioned MiBps-month of gp3 - US East (N. Virginia),Raw catalog unit and rate retained; 40.96 USD/GiBps-month equals 0.04 USD per MiB/s-month
