scenario,active_users,organisations,model_profile,shared_regional_usd,nonproduction_usd,organisation_direct_usd,customer_consumption_usd,customer_consumption_per_user_usd,operating_cash_usd,per_active_user_fully_allocated_usd,planning_cash_with_contingency_usd
initial_1,1,1,light,983.290689,142.7372,1.8,41.017251,41.017251,1168.84514,1168.84514,1344.171911
initial_1,1,1,base,983.290689,142.7372,1.8,212.972751,212.972751,1340.80064,1340.80064,1541.920736
initial_1,1,1,heavy,983.290689,142.7372,1.8,1663.642251,1663.642251,2791.47014,2791.47014,3210.190661
team_5,5,1,light,1022.574398,142.7372,1.8,204.438256,40.887651,1371.549854,274.309971,1577.282332
team_5,5,1,base,1022.574398,142.7372,1.8,1064.215756,212.843151,2231.327354,446.265471,2566.026457
team_5,5,1,heavy,1022.574398,142.7372,1.8,8317.563256,1663.512651,9484.674854,1896.934971,10907.376082
team_20,20,1,light,1217.017699,142.7372,1.8,817.267024,40.863351,2178.821924,108.941096,2505.645212
team_20,20,1,base,1217.017699,142.7372,1.8,4256.377024,212.818851,5617.931924,280.896596,6460.621712
team_20,20,1,heavy,1217.017699,142.7372,1.8,33269.767024,1663.488351,34631.321923,1731.566096,39826.020212
